accuracy,precision,recall,predicted tile
0.975,0.7619047619047619,1.0,21
0.965,0.8,0.75,15
0.975,0.7619047619047619,1.0,21
0.965,0.8,0.75,15
0.97,0.7916666666666666,0.95,24
0.965,0.9032258064516129,0.875,31
0.96,0.9047619047619048,0.9047619047619048,42
0.96,0.8636363636363636,0.7916666666666666,22
0.94,1.0,0.75,36
0.94,1.0,0.75,36
0.95,0.9444444444444444,0.8095238095238095,36
0.965,0.9032258064516129,0.875,31
0.975,0.8461538461538461,0.7857142857142857,13
0.945,0.9743589743589743,0.7916666666666666,39
0.955,0.9354838709677419,0.8055555555555556,31
0.975,0.7777777777777778,0.7,9
0.96,1.0,0.5294117647058824,9
0.96,0.8846153846153846,0.8214285714285714,26
0.965,0.9333333333333333,0.7,15
0.955,1.0,0.7954545454545454,35
0.955,0.9259259259259259,0.78125,27
0.965,0.9310344827586207,0.84375,29
0.965,0.8787878787878788,0.90625,33
0.96,0.9285714285714286,0.8125,28
0.96,0.875,0.7,16
0.95,1.0,0.6875,22
0.97,0.25,0.25,4
0.965,0.8571428571428571,0.9375,35
0.975,0.7894736842105263,0.9375,19
0.96,0.9,0.84375,30
0.965,0.8571428571428571,0.9375,35
0.965,0.8787878787878788,0.90625,33
0.965,0.8571428571428571,0.9375,35
0.95,1.0,0.6875,22
0.955,0.9333333333333333,0.875,45
0.945,0.9743589743589743,0.7916666666666666,39
0.965,0.9310344827586207,0.84375,29
0.975,0.8857142857142857,0.96875,35
0.95,0.9583333333333334,0.71875,24
0.95,1.0,0.6875,22
0.95,1.0,0.6875,22
0.975,0.7058823529411765,1.0,17
0.95,1.0,0.6875,22
0.96,0.8333333333333334,0.625,12
0.95,1.0,0.6875,22
0.955,1.0,0.71875,23
0.955,0.9473684210526315,0.6923076923076923,19
0.965,0.8571428571428571,0.9375,35
0.975,0.8648648648648649,1.0,37
0.97,0.90625,0.90625,32
0.95,0.9583333333333334,0.71875,24
0.955,0.9259259259259259,0.78125,27
0.955,0.9259259259259259,0.78125,27
0.965,0.9310344827586207,0.84375,29
0.955,1.0,0.71875,23
0.95,1.0,0.6875,22
0.95,0.9583333333333334,0.71875,24
0.95,1.0,0.6875,22
0.965,0.8571428571428571,0.9375,35
0.97,0.8214285714285714,0.9583333333333334,28
0.985,0.5714285714285714,1.0,7
0.98,0.5,1.0,8
0.96,0.9615384615384616,0.78125,26
