accuracy,precision,recall,predicted tile
0.95,0.975,0.8125,40
0.96,0.9473684210526315,0.8571428571428571,38
0.965,0.7272727272727273,0.6666666666666666,11
0.96,0.8636363636363636,0.7916666666666666,22
0.975,0.7333333333333333,0.9166666666666666,15
0.97,0.7777777777777778,0.875,18
0.945,1.0,0.6764705882352942,23
0.94,1.0,0.75,36
0.965,0.8235294117647058,0.7777777777777778,17
0.955,0.96,0.75,25
0.96,0.9,0.84375,30
0.955,0.9259259259259259,0.78125,27
0.96,0.875,0.7,16
0.955,0.9411764705882353,0.6666666666666666,17
0.955,0.9333333333333333,0.6363636363636364,15
0.96,0.8636363636363636,0.7916666666666666,22
0.96,0.8333333333333334,0.625,12
0.96,0.9444444444444444,0.7083333333333334,18
0.96,0.9444444444444444,0.7083333333333334,18
0.975,0.3333333333333333,0.6666666666666666,6
0.945,0.9696969696969697,0.7619047619047619,33
0.95,0.9705882352941176,0.7857142857142857,34
0.94,1.0,0.75,36
0.945,0.9743589743589743,0.7916666666666666,39
0.95,0.9318181818181818,0.8541666666666666,44
0.975,0.7058823529411765,1.0,17
0.94,1.0,0.75,36
0.955,0.9487179487179487,0.8409090909090909,39
0.975,0.7894736842105263,0.9375,19
0.97,0.8125,0.8125,16
0.97,0.8181818181818182,0.9,22
0.955,0.96,0.75,25
0.955,0.9090909090909091,0.8333333333333334,33
0.94,1.0,0.7391304347826086,34
0.965,0.8787878787878788,0.90625,33
0.96,0.9615384615384616,0.78125,26
0.95,1.0,0.6875,22
0.95,1.0,0.6875,22
0.95,0.9583333333333334,0.71875,24
0.98,0.9117647058823529,0.96875,34
0.975,0.8857142857142857,0.96875,35
0.955,0.96,0.75,25
0.955,1.0,0.71875,23
0.975,0.9354838709677419,0.90625,31
0.955,0.9259259259259259,0.78125,27
0.965,0.8571428571428571,0.9375,35
0.97,0.8611111111111112,0.96875,36
0.97,0.8823529411764706,0.9375,34
0.95,1.0,0.6875,22
0.955,0.9259259259259259,0.78125,27
0.96,0.9285714285714286,0.8125,28
0.96,0.9285714285714286,0.8125,28
0.955,0.96,0.75,25
0.96,1.0,0.75,24
0.96,1.0,0.75,24
0.945,1.0,0.7105263157894737,27
0.965,0.8571428571428571,0.9375,35
0.97,0.8611111111111112,0.96875,36
0.97,0.8823529411764706,0.9375,34
0.97,0.8611111111111112,0.96875,36
0.97,0.9375,0.8823529411764706,32
0.94,1.0,0.75,36
0.94,1.0,0.75,36
0.94,1.0,0.75,36
0.94,1.0,0.75,36
0.94,1.0,0.75,36
0.945,1.0,0.7708333333333334,37
