accuracy,precision,recall,predicted tile
0.96,0.6666666666666666,1.0,24
0.96,0.6666666666666666,1.0,24
0.96,0.6666666666666666,1.0,24
0.96,0.6666666666666666,1.0,24
0.955,0.8235294117647058,0.7,17
0.92,1.0,0.5,16
0.885,1.0,0.4523809523809524,19
0.94,0.8333333333333334,0.625,18
0.86,0.8333333333333334,0.5208333333333334,30
0.86,0.8571428571428571,0.5,28
0.85,0.65,0.6190476190476191,40
0.895,0.6666666666666666,0.6875,33
0.975,0.9090909090909091,0.7142857142857143,11
0.85,0.8,0.5,30
0.875,0.6486486486486487,0.6666666666666666,37
0.985,0.7692307692307693,1.0,13
0.965,0.8125,0.7647058823529411,16
0.925,0.782608695652174,0.6428571428571429,23
0.945,0.68,0.85,25
0.845,0.6666666666666666,0.5909090909090909,39
0.885,0.6153846153846154,0.75,39
0.885,0.6153846153846154,0.75,39
0.885,0.6153846153846154,0.75,39
0.885,0.6153846153846154,0.75,39
0.935,0.6060606060606061,1.0,33
0.915,0.7142857142857143,0.78125,35
0.975,0.4444444444444444,1.0,9
0.905,0.7407407407407407,0.625,27
0.965,0.7368421052631579,0.875,19
0.9,0.6875,0.6875,32
0.9,0.6875,0.6875,32
0.9,0.7,0.65625,30
0.905,0.7241379310344828,0.65625,29
0.895,0.6666666666666666,0.6875,33
0.82,0.625,0.625,48
0.82,0.62,0.6458333333333334,50
0.88,0.5909090909090909,0.8125,44
0.88,0.5909090909090909,0.8125,44
0.89,0.6190476190476191,0.8125,42
0.885,0.6046511627906976,0.8125,43
0.88,0.5909090909090909,0.8125,44
0.98,0.7857142857142857,0.9166666666666666,14
0.915,0.8947368421052632,0.53125,19
0.965,0.7647058823529411,0.8125,17
0.92,0.9444444444444444,0.53125,18
0.915,0.8260869565217391,0.59375,23
0.935,0.8421052631578947,0.6153846153846154,19
0.905,0.7407407407407407,0.625,27
0.905,0.7407407407407407,0.625,27
0.905,0.7407407407407407,0.625,27
0.905,0.7407407407407407,0.625,27
0.905,0.7407407407407407,0.625,27
0.905,0.7407407407407407,0.625,27
0.905,0.7407407407407407,0.625,27
0.905,0.7407407407407407,0.625,27
0.905,0.7407407407407407,0.625,27
0.905,0.7407407407407407,0.625,27
0.905,0.7407407407407407,0.625,27
0.905,0.7407407407407407,0.625,27
0.93,0.6785714285714286,0.7916666666666666,28
0.99,0.6666666666666666,1.0,6
0.995,0.8,1.0,5
0.915,0.8571428571428571,0.5625,21
