accuracy,precision,recall,predicted tile
0.975,0.7058823529411765,1.0,17
0.945,1.0,0.6944444444444444,25
0.95,1.0,0.6875,22
0.955,0.9259259259259259,0.78125,27
0.96,0.9285714285714286,0.8125,28
0.945,0.9743589743589743,0.7916666666666666,39
0.945,1.0,0.7708333333333334,37
0.96,0.9347826086956522,0.8958333333333334,46
0.94,1.0,0.75,36
0.95,0.9318181818181818,0.8541666666666666,44
0.955,0.9333333333333333,0.875,45
0.965,0.9361702127659575,0.9166666666666666,47
0.96,0.9285714285714286,0.8125,28
0.95,0.9318181818181818,0.8541666666666666,44
0.965,0.8571428571428571,0.9375,35
0.96,0.9,0.84375,30
0.95,0.9583333333333334,0.71875,24
0.965,0.8775510204081632,0.9772727272727273,49
0.97,0.9047619047619048,0.95,42
0.97,0.8421052631578947,1.0,38
0.965,0.9032258064516129,0.875,31
0.96,0.9,0.84375,30
0.955,0.9148936170212766,0.8958333333333334,47
0.965,0.7692307692307693,0.7142857142857143,13
0.97,0.7777777777777778,0.875,18
0.965,0.9032258064516129,0.875,31
0.965,0.8787878787878788,0.90625,33
0.965,0.8571428571428571,0.9375,35
0.975,0.42857142857142855,0.75,7
0.95,1.0,0.6875,22
0.95,1.0,0.6875,22
0.955,1.0,0.71875,23
0.955,0.96,0.75,25
0.965,0.8787878787878788,0.90625,33
0.98,0.9117647058823529,0.96875,34
0.965,0.9032258064516129,0.875,31
0.955,0.96,0.75,25
0.95,1.0,0.6875,22
0.965,0.8,0.75,15
0.955,0.96,0.75,25
0.95,0.9583333333333334,0.71875,24
0.96,0.9285714285714286,0.8125,28
0.95,0.9583333333333334,0.71875,24
0.955,0.9259259259259259,0.78125,27
0.96,0.9,0.84375,30
0.96,0.9,0.84375,30
0.96,0.9,0.84375,30
0.965,0.9032258064516129,0.875,31
0.955,0.9259259259259259,0.78125,27
0.97,0.9333333333333333,0.875,30
0.955,0.9259259259259259,0.78125,27
0.96,0.9285714285714286,0.8125,28
0.965,0.9032258064516129,0.875,31
0.96,0.9,0.84375,30
0.96,0.9,0.84375,30
0.95,0.9523809523809523,0.8333333333333334,42
0.945,1.0,0.7708333333333334,37
0.97,0.8421052631578947,1.0,38
0.97,0.8611111111111112,0.96875,36
0.965,0.9393939393939394,0.8611111111111112,33
0.94,1.0,0.75,36
0.975,0.7058823529411765,1.0,17
0.96,0.8888888888888888,0.8888888888888888,36
0.945,1.0,0.7708333333333334,37
0.955,0.9111111111111111,0.8913043478260869,45
0.945,0.9743589743589743,0.7916666666666666,39
