accuracy,precision,recall,predicted tile
0.96,0.9615384615384616,0.78125,26
0.96,0.9615384615384616,0.78125,26
