accuracy,precision,recall,predicted tile
0.84,0.7352941176470589,0.5208333333333334,34
0.87,0.8666666666666667,0.5416666666666666,30
0.84,0.7222222222222222,0.5416666666666666,36
0.83,0.675,0.5625,40
0.895,0.5813953488372093,0.8928571428571429,43
0.895,0.6666666666666666,0.6875,33
0.895,0.6666666666666666,0.6875,33
0.855,0.8518518518518519,0.4791666666666667,27
0.91,0.7916666666666666,0.59375,24
0.91,0.7916666666666666,0.59375,24
0.905,0.7096774193548387,0.6875,31
0.895,0.6486486486486487,0.75,37
0.895,0.6666666666666666,0.6875,33
0.905,0.7407407407407407,0.625,27
0.89,0.6388888888888888,0.71875,36
0.885,0.6153846153846154,0.75,39
0.895,0.6666666666666666,0.6875,33
0.91,0.7692307692307693,0.625,26
0.915,0.8947368421052632,0.53125,19
0.885,0.6153846153846154,0.75,39
0.915,0.8260869565217391,0.59375,23
0.905,0.8518518518518519,0.6052631578947368,27
0.915,0.8571428571428571,0.5625,21
0.895,0.6571428571428571,0.71875,35
0.97,0.8125,0.8125,16
0.895,0.6571428571428571,0.71875,35
0.89,0.6190476190476191,0.8125,42
0.9,0.7,0.65625,30
0.89,0.6388888888888888,0.71875,36
0.895,0.6486486486486487,0.75,37
0.915,0.8571428571428571,0.5625,21
0.89,0.625,0.78125,40
0.87,0.5535714285714286,0.96875,56
0.88,0.58,0.90625,50
0.87,0.5517241379310345,1.0,58
0.875,0.5686274509803921,0.90625,51
0.885,0.6046511627906976,0.8125,43
0.875,0.5686274509803921,0.90625,51
0.915,0.7777777777777778,0.65625,27
0.89,0.6388888888888888,0.71875,36
0.915,0.7777777777777778,0.65625,27
0.885,0.6097560975609756,0.78125,41
0.915,0.8947368421052632,0.53125,19
0.9,0.7,0.65625,30
0.895,0.6571428571428571,0.71875,35
0.895,0.6666666666666666,0.6875,33
0.9,0.6764705882352942,0.71875,34
0.915,0.7586206896551724,0.6875,29
0.905,0.7407407407407407,0.625,27
0.905,0.7241379310344828,0.65625,29
0.885,0.6153846153846154,0.75,39
0.905,0.696969696969697,0.71875,33
0.9,0.7,0.65625,30
0.895,0.6666666666666666,0.6875,33
0.925,0.8695652173913043,0.625,23
0.905,0.7241379310344828,0.65625,29
0.92,0.7,0.875,40
0.905,0.6585365853658537,0.84375,41
0.92,0.7222222222222222,0.8125,36
0.895,0.6571428571428571,0.71875,35
0.86,0.7380952380952381,0.6458333333333334,42
0.905,0.6285714285714286,0.7857142857142857,35
0.895,0.6486486486486487,0.75,37
0.855,0.8064516129032258,0.5208333333333334,31
0.86,0.8571428571428571,0.5,28
0.885,0.7906976744186046,0.7083333333333334,43
