accuracy,precision,recall,predicted tile
0.915,0.8,0.625,25
0.91,0.71875,0.71875,32
0.895,0.6666666666666666,0.6875,33
0.875,0.5714285714285714,0.875,49
0.95,0.25,0.75,12
0.9,0.7,0.65625,30
0.845,0.6222222222222222,0.6666666666666666,45
0.85,0.8,0.5,30
0.815,0.6,0.6875,55
0.85,0.8,0.5,30
0.815,0.6037735849056604,0.6666666666666666,53
0.895,0.6486486486486487,0.75,37
0.895,0.6571428571428571,0.71875,35
0.995,0.8571428571428571,1.0,7
0.955,0.68,0.9444444444444444,25
0.875,0.9523809523809523,0.45454545454545453,21
0.995,0.8571428571428571,1.0,7
0.89,0.625,0.78125,40
0.835,0.6326530612244898,0.6739130434782609,49
0.96,0.6818181818181818,0.9375,22
0.91,0.7916666666666666,0.59375,24
0.92,0.6176470588235294,0.875,34
0.87,0.6190476190476191,0.7222222222222222,42
0.91,0.75,0.65625,28
0.915,0.8260869565217391,0.59375,23
0.855,0.6756756756756757,0.5952380952380952,37
0.865,0.6923076923076923,0.6428571428571429,39
0.905,0.7407407407407407,0.625,27
0.885,0.6153846153846154,0.75,39
0.875,0.5714285714285714,0.875,49
0.885,0.6153846153846154,0.75,39
0.88,0.5909090909090909,0.8125,44
0.885,0.6153846153846154,0.75,39
0.965,0.7647058823529411,0.8125,17
0.905,0.7407407407407407,0.625,27
0.875,0.5686274509803921,0.90625,51
0.91,0.7692307692307693,0.625,26
0.92,1.0,0.5,16
0.84,0.5892857142857143,0.7857142857142857,56
0.925,0.6451612903225806,0.8333333333333334,31
0.885,0.5882352941176471,0.9375,51
0.905,0.7407407407407407,0.625,27
0.915,0.8571428571428571,0.5625,21
0.925,0.6896551724137931,0.7692307692307693,29
0.9,0.7,0.65625,30
0.915,0.8571428571428571,0.5625,21
0.87,0.7058823529411765,0.6,34
0.91,0.7916666666666666,0.59375,24
0.915,0.8571428571428571,0.5625,21
0.9,0.6666666666666666,0.75,36
0.9,0.7,0.65625,30
0.91,0.7692307692307693,0.625,26
0.905,0.7241379310344828,0.65625,29
0.895,0.6666666666666666,0.6875,33
0.93,0.875,0.65625,24
0.915,0.8947368421052632,0.53125,19
0.89,0.625,0.78125,40
0.93,0.875,0.65625,24
0.895,0.6666666666666666,0.6875,33
0.905,0.6666666666666666,0.8125,39
0.91,0.6842105263157895,0.8125,38
0.92,0.75,0.75,32
0.9,0.65,0.8125,40
0.85,0.78125,0.5208333333333334,32
0.975,0.7058823529411765,1.0,17
0.85,0.75,0.5625,36
0.845,0.7575757575757576,0.5208333333333334,33
0.825,0.6326530612244898,0.6458333333333334,49
