accuracy,precision,recall,predicted tile
0.96,0.6666666666666666,1.0,24
0.97,1.0,0.625,10
0.97,1.0,0.625,10
0.97,0.7777777777777778,0.875,18
0.945,0.68,0.85,25
0.91,0.7916666666666666,0.59375,24
0.85,0.65,0.6190476190476191,40
0.935,0.7391304347826086,0.7083333333333334,23
0.845,0.7575757575757576,0.5208333333333334,33
0.85,0.8,0.5,30
0.86,0.7058823529411765,0.5714285714285714,34
0.9,0.7,0.65625,30
0.97,0.7222222222222222,0.9285714285714286,18
0.85,0.8,0.5,30
0.875,0.6486486486486487,0.6666666666666666,37
0.985,0.7692307692307693,1.0,13
0.96,0.7368421052631579,0.8235294117647058,19
0.9,0.6,0.8571428571428571,40
0.95,0.7272727272727273,0.8,22
0.85,0.6944444444444444,0.5681818181818182,36
0.925,0.84,0.65625,25
0.885,0.6153846153846154,0.75,39
0.895,0.6666666666666666,0.6875,33
0.895,0.6666666666666666,0.6875,33
0.95,0.75,0.75,20
0.9,0.6578947368421053,0.78125,38
1.0,1.0,1.0,4
0.9,0.7,0.65625,30
0.96,0.6666666666666666,1.0,24
0.885,0.6153846153846154,0.75,39
0.915,0.8260869565217391,0.59375,23
0.89,0.6388888888888888,0.71875,36
0.935,0.9130434782608695,0.65625,23
0.905,0.7407407407407407,0.625,27
0.835,0.7027027027027027,0.5416666666666666,37
0.84,0.7222222222222222,0.5416666666666666,36
0.915,0.8571428571428571,0.5625,21
0.89,0.625,0.78125,40
0.875,0.5714285714285714,0.875,49
0.885,0.6153846153846154,0.75,39
0.915,0.8260869565217391,0.59375,23
0.975,0.7058823529411765,1.0,17
0.92,0.9444444444444444,0.53125,18
0.97,0.75,0.9375,20
0.915,0.8947368421052632,0.53125,19
0.92,0.9444444444444444,0.53125,18
0.93,0.75,0.6923076923076923,24
0.915,0.8,0.625,25
0.915,0.8571428571428571,0.5625,21
0.905,0.696969696969697,0.71875,33
0.91,0.7916666666666666,0.59375,24
0.905,0.7407407407407407,0.625,27
0.895,0.6666666666666666,0.6875,33
0.895,0.6666666666666666,0.6875,33
0.895,0.6666666666666666,0.6875,33
0.915,0.8947368421052632,0.53125,19
0.9,0.7,0.65625,30
0.93,0.8461538461538461,0.6875,26
0.895,0.6571428571428571,0.71875,35
0.935,0.6666666666666666,0.9166666666666666,33
1.0,1.0,1.0,4
1.0,1.0,1.0,4
0.89,0.631578947368421,0.75,38
