accuracy,precision,recall,predicted tile
0.98,0.7857142857142857,0.9166666666666666,14
0.895,0.7777777777777778,0.5833333333333334,27
0.91,0.7692307692307693,0.625,26
0.91,0.7916666666666666,0.59375,24
0.93,0.95,0.59375,20
0.865,1.0,0.4375,21
0.855,0.8518518518518519,0.4791666666666667,27
0.855,0.8275862068965517,0.5,29
0.865,1.0,0.4375,21
0.86,0.8125,0.5416666666666666,32
0.84,0.7352941176470589,0.5208333333333334,34
0.87,0.8928571428571429,0.5208333333333334,28
0.885,0.6097560975609756,0.78125,41
0.81,0.5892857142857143,0.6875,56
0.89,0.6388888888888888,0.71875,36
0.88,0.5869565217391305,0.84375,46
0.915,0.8947368421052632,0.53125,19
0.85,0.675,0.6136363636363636,40
0.825,0.5373134328358209,0.9,67
0.885,0.6097560975609756,0.78125,41
0.895,0.6571428571428571,0.71875,35
0.895,0.6666666666666666,0.6875,33
0.855,0.8275862068965517,0.5,29
0.975,0.8,0.8571428571428571,15
0.96,0.7,0.875,20
0.895,0.6666666666666666,0.6875,33
0.89,0.6388888888888888,0.71875,36
0.885,0.6097560975609756,0.78125,41
0.975,0.4444444444444444,1.0,9
0.915,0.8571428571428571,0.5625,21
0.91,0.7916666666666666,0.59375,24
0.94,0.8571428571428571,0.75,28
0.9,0.6578947368421053,0.78125,38
0.885,0.6153846153846154,0.75,39
0.89,0.625,0.78125,40
0.885,0.6046511627906976,0.8125,43
0.89,0.6388888888888888,0.71875,36
0.89,0.6388888888888888,0.71875,36
0.965,0.7368421052631579,0.875,19
0.905,0.7407407407407407,0.625,27
0.9,0.7,0.65625,30
0.895,0.6666666666666666,0.6875,33
0.895,0.6666666666666666,0.6875,33
0.885,0.6153846153846154,0.75,39
0.88,0.5909090909090909,0.8125,44
0.88,0.5909090909090909,0.8125,44
0.88,0.5909090909090909,0.8125,44
0.88,0.5909090909090909,0.8125,44
0.915,0.8571428571428571,0.5625,21
0.9,0.7,0.65625,30
0.9,0.7,0.65625,30
0.905,0.7096774193548387,0.6875,31
0.885,0.6153846153846154,0.75,39
0.885,0.6153846153846154,0.75,39
0.89,0.631578947368421,0.75,38
0.84,0.7105263157894737,0.5625,38
0.84,0.7,0.5833333333333334,40
0.885,0.6153846153846154,0.75,39
0.885,0.6153846153846154,0.75,39
0.88,0.6578947368421053,0.6944444444444444,38
0.84,0.7105263157894737,0.5625,38
0.98,0.7857142857142857,0.9166666666666666,14
0.88,0.6764705882352942,0.6388888888888888,34
0.84,0.7222222222222222,0.5416666666666666,36
0.835,0.6585365853658537,0.5869565217391305,41
0.83,0.675,0.5625,40
