accuracy,precision,recall,predicted tile
0.975,0.7058823529411765,1.0,17
0.875,0.6341463414634146,0.7222222222222222,41
0.89,0.6388888888888888,0.71875,36
0.91,0.7916666666666666,0.59375,24
0.88,0.5869565217391305,0.84375,46
0.845,0.7428571428571429,0.5416666666666666,35
0.86,0.8846153846153846,0.4791666666666667,26
0.835,0.6829268292682927,0.5833333333333334,41
0.855,0.8275862068965517,0.5,29
0.83,0.6666666666666666,0.5833333333333334,42
0.82,0.62,0.6458333333333334,50
0.865,0.92,0.4791666666666667,25
0.89,0.6388888888888888,0.71875,36
0.82,0.625,0.625,48
0.89,0.6388888888888888,0.71875,36
0.89,0.6388888888888888,0.71875,36
0.88,0.5909090909090909,0.8125,44
0.84,0.6304347826086957,0.6590909090909091,46
0.86,0.65,0.65,40
0.885,0.6097560975609756,0.78125,41
0.895,0.6666666666666666,0.6875,33
0.905,0.7241379310344828,0.65625,29
0.86,0.8571428571428571,0.5,28
0.97,0.7222222222222222,0.9285714285714286,18
0.97,0.8571428571428571,0.75,14
0.89,0.6388888888888888,0.71875,36
0.895,0.6666666666666666,0.6875,33
0.87,0.5535714285714286,0.96875,56
0.975,0.4444444444444444,1.0,9
0.915,0.7777777777777778,0.65625,27
0.915,0.8571428571428571,0.5625,21
0.895,0.6666666666666666,0.6875,33
0.9,0.6764705882352942,0.71875,34
0.885,0.6153846153846154,0.75,39
0.89,0.6388888888888888,0.71875,36
0.895,0.6666666666666666,0.6875,33
0.9,0.6875,0.6875,32
0.895,0.6666666666666666,0.6875,33
0.965,0.7647058823529411,0.8125,17
0.89,0.631578947368421,0.75,38
0.94,0.8125,0.8125,32
0.89,0.6388888888888888,0.71875,36
0.895,0.6666666666666666,0.6875,33
0.89,0.6388888888888888,0.71875,36
0.885,0.6097560975609756,0.78125,41
0.91,0.75,0.65625,28
0.89,0.625,0.78125,40
0.885,0.5918367346938775,0.90625,49
0.9,0.6875,0.6875,32
0.895,0.6666666666666666,0.6875,33
0.915,0.8571428571428571,0.5625,21
0.885,0.6153846153846154,0.75,39
0.915,0.7272727272727273,0.75,33
0.91,0.7692307692307693,0.625,26
0.92,0.9444444444444444,0.53125,18
0.84,0.7352941176470589,0.5208333333333334,34
0.845,0.7575757575757576,0.5208333333333334,33
0.895,0.6666666666666666,0.6875,33
0.9,0.6764705882352942,0.71875,34
0.885,0.6857142857142857,0.6666666666666666,35
0.9,0.8181818181818182,0.75,44
0.98,0.75,1.0,16
0.875,0.6486486486486487,0.6666666666666666,37
0.83,0.675,0.5625,40
0.83,0.6304347826086957,0.6304347826086957,46
0.83,0.6590909090909091,0.6041666666666666,44
